_id,WCRNumber,WCRLink
1,WCR0000001,https://cadwr.app.box.com/v/WellCompletionReports/file/463742370123
2,WCR0000002,https://cadwr.app.box.com/v/WellCompletionReports/file/463739742363
3,WCR0000003,https://cadwr.app.box.com/v/WellCompletionReports/file/463741147303
4,WCR0000004,https://cadwr.app.box.com/v/WellCompletionReports/file/463740309267
5,WCR0000005,https://cadwr.app.box.com/v/WellCompletionReports/file/463741029424
6,WCR0000006,https://cadwr.app.box.com/v/WellCompletionReports/file/463740974991
7,WCR0000007,https://cadwr.app.box.com/v/WellCompletionReports/file/463746435987
8,WCR0000008,https://cadwr.app.box.com/v/WellCompletionReports/file/463740505383
9,WCR0000009,https://cadwr.app.box.com/v/WellCompletionReports/file/463708984234
10,WCR0000010,https://cadwr.app.box.com/v/WellCompletionReports/file/463746362392
11,WCR0000011,https://cadwr.app.box.com/v/WellCompletionReports/file/463690619477
12,WCR0000012,https://cadwr.app.box.com/v/WellCompletionReports/file/463740716248
13,WCR0000013,https://cadwr.app.box.com/v/WellCompletionReports/file/463690903865
14,WCR0000014,https://cadwr.app.box.com/v/WellCompletionReports/file/463691062349
15,WCR0000015,https://cadwr.app.box.com/v/WellCompletionReports/file/463709409669
16,WCR0000018,https://cadwr.app.box.com/v/WellCompletionReports/file/463740486943
17,WCR0000019,https://cadwr.app.box.com/v/WellCompletionReports/file/463700137099
18,WCR0000020,https://cadwr.app.box.com/v/WellCompletionReports/file/463700192795
19,WCR0000021,https://cadwr.app.box.com/v/WellCompletionReports/file/463709506108
20,WCR0000022,https://cadwr.app.box.com/v/WellCompletionReports/file/463740395978
21,WCR0000023,https://cadwr.app.box.com/v/WellCompletionReports/file/463671903034
22,WCR0000024,https://cadwr.app.box.com/v/WellCompletionReports/file/463707590739
23,WCR0000026,https://cadwr.app.box.com/v/WellCompletionReports/file/463740721244
24,WCR0000027,https://cadwr.app.box.com/v/WellCompletionReports/file/463673083695
25,WCR0000028,https://cadwr.app.box.com/v/WellCompletionReports/file/463745823987
26,WCR0000029,https://cadwr.app.box.com/v/WellCompletionReports/file/463747666552
27,WCR0005582,https://cadwr.app.box.com/v/WellCompletionReports/file/462762110426
28,WCR0005583,https://cadwr.app.box.com/v/WellCompletionReports/file/463475749633
29,WCR0005584,https://cadwr.app.box.com/v/WellCompletionReports/file/461036173017
30,WCR0005585,https://cadwr.app.box.com/v/WellCompletionReports/file/461040349471
31,WCR0005586,https://cadwr.app.box.com/v/WellCompletionReports/file/461045141624
32,WCR0005587,https://cadwr.app.box.com/v/WellCompletionReports/file/461022150598
33,WCR0005588,https://cadwr.app.box.com/v/WellCompletionReports/file/462070672926
34,WCR0005589,https://cadwr.app.box.com/v/WellCompletionReports/file/461002468016
35,WCR0005590,https://cadwr.app.box.com/v/WellCompletionReports/file/461024895330
36,WCR0005591,https://cadwr.app.box.com/v/WellCompletionReports/file/462137121235
37,WCR0005592,https://cadwr.app.box.com/v/WellCompletionReports/file/466646020809
38,WCR0005593,https://cadwr.app.box.com/v/WellCompletionReports/file/462330027593
39,WCR0005594,https://cadwr.app.box.com/v/WellCompletionReports/file/462135885089
40,WCR0005595,https://cadwr.app.box.com/v/WellCompletionReports/file/466598391331
41,WCR0005596,https://cadwr.app.box.com/v/WellCompletionReports/file/462132206789
42,WCR0005597,https://cadwr.app.box.com/v/WellCompletionReports/file/466649240757
43,WCR0005598,https://cadwr.app.box.com/v/WellCompletionReports/file/466146579468
44,WCR0005599,https://cadwr.app.box.com/v/WellCompletionReports/file/462156551470
45,WCR0005600,https://cadwr.app.box.com/v/WellCompletionReports/file/462314493749
46,WCR0005601,https://cadwr.app.box.com/v/WellCompletionReports/file/462186634012
47,WCR0005602,https://cadwr.app.box.com/v/WellCompletionReports/file/462256044066
48,WCR0005603,https://cadwr.app.box.com/v/WellCompletionReports/file/462190995412
49,WCR0005604,https://cadwr.app.box.com/v/WellCompletionReports/file/466119718986
50,WCR0005605,https://cadwr.app.box.com/v/WellCompletionReports/file/460997125310
