event_id,well_id,report_id,page_number,depth_start_m,depth_end_m,formation,event_type,severity,npt_hours,mitigation_action,verbatim_excerpt,file_path
15_9-14_P1_1,15/9-14,WCR_15_9-14,1,634.0,789.0,ROGALAND GP,Borehole Instability / Tight Hole,HIGH,14.0,"Adjusted drilling hydraulics, treated fluid system, and maintained hole stability.",d / Shale Loss / Depletion Balder Fm. 634.8 m Interbedded Sand / Shale Loss / Depletion Sele Fm. 789.0 m Shale / Claystone with interbedded siltstone Tight Hole / Swelling Lista Fm. 943.2 m Interbedded Sand / Shale Loss / Depletion Porous Turbidite Sandstone (Hydrocarbon Heimdal Fm. 1097.4 m Bearing) Loss / Depletion Porous Turbidite Sandstone (Hydrocarbon Ty Fm. 1251.6 m Bearing) Loss / Depletion Ekofisk F,C:\Users\DELL\OneDrive\Desktop\nwis\backend\data\wcr_reports\WCR_15_9-14.pdf
15_9-14_P3_E1,15/9-14,WCR_15_9-14,3,2150.0,2185.0,ROGALAND GP,Well Kick / Influx,CRITICAL,32.0,"Immediately performed space-out, shut down mud pumps, and closed annular blowout preventer (BOP). SIDPP stabilized at 320 psi; SICP stabilized at 410 psi. Executed Wait and Weight kill sheet procedure, increasing mud weight from 1.22 SG to 1.34 SG. Circulated gas bubble safely through choke manifold and degasser.",Drilling break noted at 2162m with ROP increasing from 12 m/hr to 38 m/hr. Pit gain of 18 bbls observed within 4 minutes. Active gas detector spiked from 1.2% to 14.8% methane.,C:\Users\DELL\OneDrive\Desktop\nwis\backend\data\wcr_reports\WCR_15_9-14.pdf
15_9-14_P3_E2,15/9-14,WCR_15_9-14,3,2310.0,2360.0,SELE FM,Borehole Instability / Tight Hole,MEDIUM,12.0,Performed back-reaming with high pump rate. Pumped 30 bbl tandem high-density sweeps (1.30 SG) to evacuate reactive shale cavings. Raised potassium chloride (KCl) concentration to 7% wt to inhibit clay swelling.,Severe tight hole encountered on trip out at 2335m. Caliper log revealed extensive hole enlargement (16 inch in 12-1/4 inch section) and cavings at shaker.,C:\Users\DELL\OneDrive\Desktop\nwis\backend\data\wcr_reports\WCR_15_9-14.pdf
15_9-23_P1_1,15/9-23,WCR_15_9-23,1,1696.0,1785.0,ROGALAND GP,Borehole Instability / Tight Hole,HIGH,14.0,"Adjusted drilling hydraulics, treated fluid system, and maintained hole stability.",/ Shale Loss / Depletion Balder Fm. 1696.6 m Interbedded Sand / Shale Loss / Depletion Sele Fm. 1785.8 m Shale / Claystone with interbedded siltstone Tight Hole / Swelling Lista Fm. 1875.0 m Interbedded Sand / Shale Loss / Depletion Porous Turbidite Sandstone (Hydrocarbon Ty Fm. 1964.2 m Bearing) Loss / Depletion Ekofisk Fm. 2053.3 m Chalk / Hard Calcareous Limestone Fractured / Losses Tor Fm. 2142.5 m Chal,C:\Users\DELL\OneDrive\Desktop\nwis\backend\data\wcr_reports\WCR_15_9-23.pdf
15_9-23_P3_E1,15/9-23,WCR_15_9-23,3,1680.0,1715.0,HORDALAND GP,Lost Circulation / Mud Loss,HIGH,18.5,Pulled bit off bottom into 13-3/8 inch casing shoe. Mixed and pumped 50 bbl high-fluid-loss LCM pill containing 25 ppb medium walnut shell and 15 ppb fibrous mica. Waited 4 hours for pill to set. Resumed drilling with reduced pump rate (550 gpm) and maintained mud weight at 1.18 SG. Full returns restored.,Encountered sudden severe lost circulation while drilling 12-1/4 inch hole at 1695m in micro-fractured Hordaland shale. Flow-out sensor dropped to 15% with total mud loss rate of 65 bbl/hr. Total fluid lost: 340 bbls.,C:\Users\DELL\OneDrive\Desktop\nwis\backend\data\wcr_reports\WCR_15_9-23.pdf
15_9-23_P3_E2,15/9-23,WCR_15_9-23,3,2420.0,2445.0,TY FM,Stuck Pipe Incident,CRITICAL,26.0,Spotted 45 bbls organic pipe-freeing soak pill across Ty sand interval. Allowed 3.5 hours soak time while applying intermittent torque and 110 klbs upward jar impacts. String freed on 14th jar stroke. Circulated hole clean and increased mud yield point to 22 lb/100ft2.,String became differentially stuck during connection at 2432m in permeable Ty sandstone with 85 psi overbalance. Unable to rotate or pull string with 90 klbs overpull.,C:\Users\DELL\OneDrive\Desktop\nwis\backend\data\wcr_reports\WCR_15_9-23.pdf
16_2-7_P1_1,16/2-7,WCR_16_2-7,1,881.0,970.0,ROGALAND GP,Borehole Instability / Tight Hole,HIGH,14.0,"Adjusted drilling hydraulics, treated fluid system, and maintained hole stability.",d / Shale Loss / Depletion Balder Fm. 881.7 m Interbedded Sand / Shale Loss / Depletion Sele Fm. 970.6 m Shale / Claystone with interbedded siltstone Tight Hole / Swelling Lista Fm. 1059.4 m Interbedded Sand / Shale Loss / Depletion Vaale Fm. 1148.2 m Interbedded Sand / Shale Loss / Depletion Ekofisk Fm. 1237.0 m Chalk / Hard Calcareous Limestone Fractured / Losses Tor Fm. 1325.8 m Chalk / Hard Calcareous L,C:\Users\DELL\OneDrive\Desktop\nwis\backend\data\wcr_reports\WCR_16_2-7.pdf
16_2-7_P3_E1,16/2-7,WCR_16_2-7,3,1450.2,1503.5,HORDALAND GP,Lost Circulation / Mud Loss,HIGH,16.5,Pumped 45 bbl LCM pill with multi-modal calcium carbonate. Reduced flow rate by 15% and maintained backpressure.,Experienced 45 bbl/hr mud loss at 1468.0m while drilling through permeable Balder Fm. section.,C:\Users\DELL\OneDrive\Desktop\nwis\backend\data\wcr_reports\WCR_16_2-7.pdf
16_2-7_P3_E2,16/2-7,WCR_16_2-7,3,1983.1,2054.2,HORDALAND GP,Stuck Pipe Incident,MEDIUM,10.0,"Conducted wiper trip, increased mud yield point to 20 lb/100ft2, and raised polymer encapsulator dosage.",High torque and 45 klbs overpull on connections at 2018.6m due to reactive shale sloughing.,C:\Users\DELL\OneDrive\Desktop\nwis\backend\data\wcr_reports\WCR_16_2-7.pdf
16_7-6_P1_1,16/7-6,WCR_16_7-6,1,1224.0,1337.0,ROGALAND GP,Borehole Instability / Tight Hole,HIGH,14.0,"Adjusted drilling hydraulics, treated fluid system, and maintained hole stability.",/ Shale Loss / Depletion Balder Fm. 1224.3 m Interbedded Sand / Shale Loss / Depletion Sele Fm. 1337.7 m Shale / Claystone with interbedded siltstone Tight Hole / Swelling Lista Fm. 1451.1 m Interbedded Sand / Shale Loss / Depletion Vaale Fm. 1564.5 m Interbedded Sand / Shale Loss / Depletion Ekofisk Fm. 1677.9 m Chalk / Hard Calcareous Limestone Fractured / Losses Tor Fm. 1791.3 m Chalk / Hard Calcareous L,C:\Users\DELL\OneDrive\Desktop\nwis\backend\data\wcr_reports\WCR_16_7-6.pdf
16_7-6_P2_E1,16/7-6,WCR_16_7-6,2,2480.0,2540.0,CHALK GP,Lost Circulation / Mud Loss,HIGH,21.0,Bullheaded 60 bbls dual-particle size calcium carbonate LCM pill (D50=450um). Reduced mud weight from 1.28 SG to 1.21 SG. Successfully regained full circulation.,Lost 450 bbls synthetic mud at 2510m in fractured Ekofisk chalk. Static loss rate 40 bbl/hr with zero returns on dynamic circulation.,C:\Users\DELL\OneDrive\Desktop\nwis\backend\data\wcr_reports\WCR_16_7-6.pdf
16_7-6_P2_E2,16/7-6,WCR_16_7-6,2,2620.0,2680.0,TOR FM,Casing / Cementing Issue,MEDIUM,16.0,Dropped top plug and displaced with rig pumps at reduced rate. Top of cement found 180m below target. Performed remedial squeeze cementing through perforations at 2615m.,Loss of returns during 9-5/8 inch casing cementing job after pumping 120 bbls lead slurry. Annular pressure drop indicated loss into Tor formation vugs.,C:\Users\DELL\OneDrive\Desktop\nwis\backend\data\wcr_reports\WCR_16_7-6.pdf
17_4-1_P2_E1,17/4-1,WCR_17_4-1,2,2276.0,2356.6,HORDALAND GP,Lost Circulation / Mud Loss,HIGH,16.5,Pumped 45 bbl LCM pill with multi-modal calcium carbonate. Reduced flow rate by 15% and maintained backpressure.,Experienced 45 bbl/hr mud loss at 2302.8m while drilling through permeable Tor Fm. section.,C:\Users\DELL\OneDrive\Desktop\nwis\backend\data\wcr_reports\WCR_17_4-1.pdf
17_4-1_P2_E2,17/4-1,WCR_17_4-1,2,3082.0,3189.4,HORDALAND GP,Stuck Pipe Incident,MEDIUM,10.0,"Conducted wiper trip, increased mud yield point to 20 lb/100ft2, and raised polymer encapsulator dosage.",High torque and 45 klbs overpull on connections at 3135.7m due to reactive shale sloughing.,C:\Users\DELL\OneDrive\Desktop\nwis\backend\data\wcr_reports\WCR_17_4-1.pdf
25_10-10_P1_1,25/10-10,WCR_25_10-10,1,1444.0,1562.0,ROGALAND GP,Borehole Instability / Tight Hole,HIGH,14.0,"Adjusted drilling hydraulics, treated fluid system, and maintained hole stability.",s / Depletion Intra Balder Fm. Sst. 1444.5 m Interbedded Sand / Shale Loss / Depletion Sele Fm. 1562.6 m Shale / Claystone with interbedded siltstone Tight Hole / Swelling Lista Fm. 1680.6 m Interbedded Sand / Shale Loss / Depletion Porous Turbidite Sandstone (Hydrocarbon Heimdal Fm. 1798.7 m Bearing) Loss / Depletion Porous Turbidite Sandstone (Hydrocarbon Ty Fm. 1916.7 m Bearing) Loss / Depletion Tor Fm.,C:\Users\DELL\OneDrive\Desktop\nwis\backend\data\wcr_reports\WCR_25_10-10.pdf
25_10-10_P2_E1,25/10-10,WCR_25_10-10,2,2180.0,2220.0,HEIMDAL FM,Well Kick / Influx,HIGH,19.0,"Shut in well on annular preventer. SIDPP=280 psi, SICP=350 psi. Weighted mud from 1.19 SG to 1.28 SG using barite addition. Circulated bottom up cleanly.","Encountered high pressure gas pocket in Heimdal turbidite sand at 2204m. Pit volume gain 14 bbls, background gas 22%.",C:\Users\DELL\OneDrive\Desktop\nwis\backend\data\wcr_reports\WCR_25_10-10.pdf
25_10-9_P1_1,25/10-9,WCR_25_10-9,1,1551.0,1661.0,ROGALAND GP,Borehole Instability / Tight Hole,HIGH,14.0,"Adjusted drilling hydraulics, treated fluid system, and maintained hole stability.",/ Shale Loss / Depletion Balder Fm. 1551.7 m Interbedded Sand / Shale Loss / Depletion Sele Fm. 1661.0 m Shale / Claystone with interbedded siltstone Tight Hole / Swelling Lista Fm. 1770.3 m Interbedded Sand / Shale Loss / Depletion Porous Turbidite Sandstone (Hydrocarbon Heimdal Fm. 1879.6 m Bearing) Loss / Depletion Vaale Fm. 1988.9 m Interbedded Sand / Shale Loss / Depletion Ekofisk Fm. 2098.2 m Chalk /,C:\Users\DELL\OneDrive\Desktop\nwis\backend\data\wcr_reports\WCR_25_10-9.pdf
25_10-9_P3_E1,25/10-9,WCR_25_10-9,3,1820.0,1865.0,HORDALAND GP,Stuck Pipe Incident,HIGH,22.5,Pumped freshwater/glycol pill to break clay pack-off while jarring downwards at 120 klbs. Regained rotation after 8 hours. Reamed interval twice before pulling out of hole.,Mechanical pack-off occurred while pulling BHA through swelling claystones at 1842m. Drill string packed off completely with zero circulation.,C:\Users\DELL\OneDrive\Desktop\nwis\backend\data\wcr_reports\WCR_25_10-9.pdf
25_11-24_P1_1,25/11-24,WCR_25_11-24,1,1555.0,1604.0,ROGALAND GP,Borehole Instability / Tight Hole,HIGH,14.0,"Adjusted drilling hydraulics, treated fluid system, and maintained hole stability.",/ Shale Loss / Depletion Balder Fm. 1555.1 m Interbedded Sand / Shale Loss / Depletion Sele Fm. 1604.1 m Shale / Claystone with interbedded siltstone Tight Hole / Swelling Lista Fm. 1653.2 m Interbedded Sand / Shale Loss / Depletion Porous Turbidite Sandstone (Hydrocarbon Heimdal Fm. 1702.2 m Bearing) Loss / Depletion Vaale Fm. 1751.2 m Interbedded Sand / Shale Loss / Depletion Tor Fm. 1800.3 m Chalk / Hard,C:\Users\DELL\OneDrive\Desktop\nwis\backend\data\wcr_reports\WCR_25_11-24.pdf
25_11-24_P2_E1,25/11-24,WCR_25_11-24,2,1690.0,1740.0,BALDER FM,Lost Circulation / Mud Loss,MEDIUM,14.0,Spotted 35 bbls coarse calcium carbonate LCM pill. Lowered pump rate to 600 gpm and adjusted mud weight to 1.16 SG. Losses stabilized.,Partial mud loss of 25 bbl/hr in porous Balder tuff interval at 1712m. Total mud lost: 160 bbls.,C:\Users\DELL\OneDrive\Desktop\nwis\backend\data\wcr_reports\WCR_25_11-24.pdf
25_5-3_P1_1,25/5-3,WCR_25_5-3,1,1399.0,1522.0,ROGALAND GP,Borehole Instability / Tight Hole,HIGH,14.0,"Adjusted drilling hydraulics, treated fluid system, and maintained hole stability.",/ Shale Loss / Depletion Balder Fm. 1399.6 m Interbedded Sand / Shale Loss / Depletion Sele Fm. 1522.5 m Shale / Claystone with interbedded siltstone Tight Hole / Swelling Lista Fm. 1645.4 m Interbedded Sand / Shale Loss / Depletion Vaale Fm. 1768.4 m Interbedded Sand / Shale Loss / Depletion Porous Turbidite Sandstone (Hydrocarbon Ty Fm. 1891.3 m Bearing) Loss / Depletion Hardraade Fm. 2014.2 m Interbedded,C:\Users\DELL\OneDrive\Desktop\nwis\backend\data\wcr_reports\WCR_25_5-3.pdf
25_5-3_P3_E1,25/5-3,WCR_25_5-3,3,1876.6,1928.2,HORDALAND GP,Lost Circulation / Mud Loss,HIGH,16.5,Pumped 45 bbl LCM pill with multi-modal calcium carbonate. Reduced flow rate by 15% and maintained backpressure.,Experienced 45 bbl/hr mud loss at 1893.8m while drilling through permeable Balder Fm. section.,C:\Users\DELL\OneDrive\Desktop\nwis\backend\data\wcr_reports\WCR_25_5-3.pdf
25_5-3_P3_E2,25/5-3,WCR_25_5-3,3,2392.9,2461.7,HORDALAND GP,Stuck Pipe Incident,MEDIUM,10.0,"Conducted wiper trip, increased mud yield point to 20 lb/100ft2, and raised polymer encapsulator dosage.",High torque and 45 klbs overpull on connections at 2427.3m due to reactive shale sloughing.,C:\Users\DELL\OneDrive\Desktop\nwis\backend\data\wcr_reports\WCR_25_5-3.pdf
29_3-1_P1_1,29/3-1,WCR_29_3-1,1,1047.0,1222.0,ROGALAND GP,Borehole Instability / Tight Hole,HIGH,14.0,"Adjusted drilling hydraulics, treated fluid system, and maintained hole stability.",/ Shale Loss / Depletion Balder Fm. 1047.1 m Interbedded Sand / Shale Loss / Depletion Sele Fm. 1222.9 m Shale / Claystone with interbedded siltstone Tight Hole / Swelling Lista Fm. 1398.8 m Interbedded Sand / Shale Loss / Depletion Vaale Fm. 1574.7 m Interbedded Sand / Shale Loss / Depletion Jorsalfare Fm. 1750.6 m Interbedded Sand / Shale Loss / Depletion Kyrre Fm. 1926.5 m Interbedded Sand / Shale Loss /,C:\Users\DELL\OneDrive\Desktop\nwis\backend\data\wcr_reports\WCR_29_3-1.pdf
29_3-1_P3_E1,29/3-1,WCR_29_3-1,3,2246.6,2357.4,HORDALAND GP,Lost Circulation / Mud Loss,HIGH,16.5,Pumped 45 bbl LCM pill with multi-modal calcium carbonate. Reduced flow rate by 15% and maintained backpressure.,Experienced 45 bbl/hr mud loss at 2283.5m while drilling through permeable Balder Fm. section.,C:\Users\DELL\OneDrive\Desktop\nwis\backend\data\wcr_reports\WCR_29_3-1.pdf
29_3-1_P3_E2,29/3-1,WCR_29_3-1,3,3354.6,3502.4,HORDALAND GP,Stuck Pipe Incident,MEDIUM,10.0,"Conducted wiper trip, increased mud yield point to 20 lb/100ft2, and raised polymer encapsulator dosage.",High torque and 45 klbs overpull on connections at 3428.5m due to reactive shale sloughing.,C:\Users\DELL\OneDrive\Desktop\nwis\backend\data\wcr_reports\WCR_29_3-1.pdf
31_2-10_P1_1,31/2-10,WCR_31_2-10,1,456.0,608.0,ROGALAND GP,Borehole Instability / Tight Hole,HIGH,14.0,"Adjusted drilling hydraulics, treated fluid system, and maintained hole stability.",rillability / Risk Profile Balder Fm. 456.2 m Interbedded Sand / Shale Loss / Depletion Sele Fm. 608.7 m Shale / Claystone with interbedded siltstone Tight Hole / Swelling Lista Fm. 761.3 m Interbedded Sand / Shale Loss / Depletion Ekofisk Fm. 913.8 m Chalk / Hard Calcareous Limestone Fractured / Losses Hardraade Fm. 1066.4 m Interbedded Sand / Shale Loss / Depletion Draupne Fm. 1218.9 m Interbedded Sand /,C:\Users\DELL\OneDrive\Desktop\nwis\backend\data\wcr_reports\WCR_31_2-10.pdf
31_2-10_P2_E1,31/2-10,WCR_31_2-10,2,1280.0,1340.0,HORDALAND GP,Stuck Pipe Incident,HIGH,15.5,"Discontinued drilling, pulled up 2 stands into shoe, pumped 40 bbl high-viscosity pill with 25 lb/bbl bentonite, circulated 2 bottoms-up until shale cavings cleared.",Torque erratic with rapid pressure spikes (+600 psi SPP) indicating annular packing around drill collars at 1315m.,C:\Users\DELL\OneDrive\Desktop\nwis\backend\data\wcr_reports\WCR_31_2-10.pdf
31_2-21_P2_E1,31/2-21,WCR_31_2-21_S,2,2150.0,2210.0,SOGNEFJORD FM,Lost Circulation / Mud Loss,HIGH,24.0,Pumped cross-linked polymer gunk pill (40 bbls) followed by 50 bbl heavy calcium carbonate squeeze pill. Reduced drill fluid density from 1.25 SG to 1.15 SG.,Complete loss of returns while penetrating unconsolidated Sognefjord oil sand at 2185m. Dynamic losses > 100 bbl/hr.,C:\Users\DELL\OneDrive\Desktop\nwis\backend\data\wcr_reports\WCR_31_2-21_S.pdf
31_2-21_P2_E2,31/2-21,WCR_31_2-21_S,2,2680.0,2720.0,FENSFJORD FM,Stuck Pipe Incident,HIGH,18.0,Pumped 50 bbl diesel-glycol release pill. Reduced hydrostatic pressure by lightened fluid displacement. String pulled free at 80 klbs overpull.,Differential sticking while taking directional survey at 2698m. Drill collars embedded against permeable filter cake.,C:\Users\DELL\OneDrive\Desktop\nwis\backend\data\wcr_reports\WCR_31_2-21_S.pdf
31_6-5_P1_1,31/6-5,WCR_31_6-5,1,326.0,578.0,ROGALAND GP,Borehole Instability / Tight Hole,HIGH,14.0,"Adjusted drilling hydraulics, treated fluid system, and maintained hole stability.",Formation / Stratum Name (m) Lithology Characterization Drillability / Risk Profile HORDALAND GP 326.4 m Shale / Claystone with interbedded siltstone Tight Hole / Swelling ROGALAND GP 578.2 m Interbedded Sand / Shale Loss / Depletion SELE FM 830.0 m Shale / Claystone with interbedded siltstone Tight Hole / Swelling BALDER FM 1081.8 m Interbedded Sand / Shale Loss / Depletion CHALK GP 1333.6 m Chalk / Hard C,C:\Users\DELL\OneDrive\Desktop\nwis\backend\data\wcr_reports\WCR_31_6-5.pdf
31_6-5_P2_E1,31/6-5,WCR_31_6-5,2,1066.7,1119.6,SELE FM,Lost Circulation / Mud Loss,HIGH,16.5,Pumped 45 bbl LCM pill with multi-modal calcium carbonate. Reduced flow rate by 15% and maintained backpressure.,Experienced 45 bbl/hr mud loss at 1084.3m while drilling through permeable SELE FM section.,C:\Users\DELL\OneDrive\Desktop\nwis\backend\data\wcr_reports\WCR_31_6-5.pdf
31_6-5_P2_E2,31/6-5,WCR_31_6-5,2,1595.5,1666.0,EKOFISK FM,Stuck Pipe Incident,MEDIUM,10.0,"Conducted wiper trip, increased mud yield point to 20 lb/100ft2, and raised polymer encapsulator dosage.",High torque and 45 klbs overpull on connections at 1630.7m due to reactive shale sloughing.,C:\Users\DELL\OneDrive\Desktop\nwis\backend\data\wcr_reports\WCR_31_6-5.pdf
31_6-8_P1_1,31/6-8,WCR_31_6-8,1,668.0,880.0,ROGALAND GP,Borehole Instability / Tight Hole,HIGH,14.0,"Adjusted drilling hydraulics, treated fluid system, and maintained hole stability.",Formation / Stratum Name (m) Lithology Characterization Drillability / Risk Profile HORDALAND GP 668.9 m Shale / Claystone with interbedded siltstone Tight Hole / Swelling ROGALAND GP 880.1 m Interbedded Sand / Shale Loss / Depletion SELE FM 1091.3 m Shale / Claystone with interbedded siltstone Tight Hole / Swelling BALDER FM 1302.5 m Interbedded Sand / Shale Loss / Depletion CHALK GP 1513.7 m Chalk / Hard,C:\Users\DELL\OneDrive\Desktop\nwis\backend\data\wcr_reports\WCR_31_6-8.pdf
31_6-8_P2_E1,31/6-8,WCR_31_6-8,2,1289.8,1334.2,SELE FM,Lost Circulation / Mud Loss,HIGH,16.5,Pumped 45 bbl LCM pill with multi-modal calcium carbonate. Reduced flow rate by 15% and maintained backpressure.,Experienced 45 bbl/hr mud loss at 1304.6m while drilling through permeable SELE FM section.,C:\Users\DELL\OneDrive\Desktop\nwis\backend\data\wcr_reports\WCR_31_6-8.pdf
31_6-8_P2_E2,31/6-8,WCR_31_6-8,2,1733.3,1792.5,EKOFISK FM,Stuck Pipe Incident,MEDIUM,10.0,"Conducted wiper trip, increased mud yield point to 20 lb/100ft2, and raised polymer encapsulator dosage.",High torque and 45 klbs overpull on connections at 1762.9m due to reactive shale sloughing.,C:\Users\DELL\OneDrive\Desktop\nwis\backend\data\wcr_reports\WCR_31_6-8.pdf
34_10-16_P3_E1,34/10-16,WCR_34_10-16_R,3,1829.5,1943.9,HORDALAND GP,Lost Circulation / Mud Loss,HIGH,16.5,Pumped 45 bbl LCM pill with multi-modal calcium carbonate. Reduced flow rate by 15% and maintained backpressure.,Experienced 45 bbl/hr mud loss at 1867.6m while drilling through permeable Lista Fm. section.,C:\Users\DELL\OneDrive\Desktop\nwis\backend\data\wcr_reports\WCR_34_10-16_R.pdf
34_10-16_P3_E2,34/10-16,WCR_34_10-16_R,3,2973.9,3126.5,HORDALAND GP,Stuck Pipe Incident,MEDIUM,10.0,"Conducted wiper trip, increased mud yield point to 20 lb/100ft2, and raised polymer encapsulator dosage.",High torque and 45 klbs overpull on connections at 3050.2m due to reactive shale sloughing.,C:\Users\DELL\OneDrive\Desktop\nwis\backend\data\wcr_reports\WCR_34_10-16_R.pdf
34_3-2_P2_E1,34/3-2,WCR_34_3-2_S,2,3820.0,3880.0,STATFJORD FM,Well Kick / Influx,CRITICAL,36.0,"Shut in on pipe rams. SIDPP=480 psi, SICP=590 psi. Successfully killed well via Engineer's Method, raising mud weight from 1.48 SG to 1.62 SG with barite.",Major gas influx at 3845m in high-pressure Statfjord sandstone. Flow check positive with 25 bbls pit volume increase in 5 minutes.,C:\Users\DELL\OneDrive\Desktop\nwis\backend\data\wcr_reports\WCR_34_3-2_S.pdf
34_3-3_P2_E1,34/3-3,WCR_34_3-3_A,2,3120.0,3170.0,SHETLAND GP,Lost Circulation / Mud Loss,HIGH,20.0,"Pumped engineered LCM blend (fibers, mica, coarse carbonate). Squeezed 30 bbls into formation at 400 psi squeeze pressure. Full returns restored.",Severe circulation losses of 75 bbl/hr encountered in fractured limestone streaks of Shetland Group at 3145m.,C:\Users\DELL\OneDrive\Desktop\nwis\backend\data\wcr_reports\WCR_34_3-3_A.pdf
34_6-1_P2_E1,34/6-1,WCR_34_6-1_S,2,3772.9,3802.9,HORDALAND GP,Lost Circulation / Mud Loss,HIGH,16.5,Pumped 45 bbl LCM pill with multi-modal calcium carbonate. Reduced flow rate by 15% and maintained backpressure.,Experienced 45 bbl/hr mud loss at 3782.9m while drilling through permeable Heather Fm. section.,C:\Users\DELL\OneDrive\Desktop\nwis\backend\data\wcr_reports\WCR_34_6-1_S.pdf
34_6-1_P2_E2,34/6-1,WCR_34_6-1_S,2,4073.1,4113.1,HORDALAND GP,Stuck Pipe Incident,MEDIUM,10.0,"Conducted wiper trip, increased mud yield point to 20 lb/100ft2, and raised polymer encapsulator dosage.",High torque and 45 klbs overpull on connections at 4093.1m due to reactive shale sloughing.,C:\Users\DELL\OneDrive\Desktop\nwis\backend\data\wcr_reports\WCR_34_6-1_S.pdf
35_6-2_P2_E1,35/6-2,WCR_35_6-2_S,2,2510.6,2571.9,HORDALAND GP,Lost Circulation / Mud Loss,HIGH,16.5,Pumped 45 bbl LCM pill with multi-modal calcium carbonate. Reduced flow rate by 15% and maintained backpressure.,Experienced 45 bbl/hr mud loss at 2531.0m while drilling through permeable Blodoeks Fm. section.,C:\Users\DELL\OneDrive\Desktop\nwis\backend\data\wcr_reports\WCR_35_6-2_S.pdf
35_6-2_P2_E2,35/6-2,WCR_35_6-2_S,2,3123.5,3205.2,HORDALAND GP,Stuck Pipe Incident,MEDIUM,10.0,"Conducted wiper trip, increased mud yield point to 20 lb/100ft2, and raised polymer encapsulator dosage.",High torque and 45 klbs overpull on connections at 3164.3m due to reactive shale sloughing.,C:\Users\DELL\OneDrive\Desktop\nwis\backend\data\wcr_reports\WCR_35_6-2_S.pdf
35_9-7_P1_1,35/9-7,WCR_35_9-7,1,1351.0,1459.0,ROGALAND GP,Borehole Instability / Tight Hole,HIGH,14.0,"Adjusted drilling hydraulics, treated fluid system, and maintained hole stability.",MD Formation / Stratum Name (m) Lithology Characterization Drillability / Risk Profile Sele Fm. 1351.2 m Shale / Claystone with interbedded siltstone Tight Hole / Swelling Lista Fm. 1459.4 m Interbedded Sand / Shale Loss / Depletion Vaale Fm. 1567.6 m Interbedded Sand / Shale Loss / Depletion EGGA FM (INFORMAL). 1675.7 m Interbedded Sand / Shale Loss / Depletion Jorsalfare Fm. 1783.9 m Interbedded Sand / Sh,C:\Users\DELL\OneDrive\Desktop\nwis\backend\data\wcr_reports\WCR_35_9-7.pdf
35_9-7_P3_E1,35/9-7,WCR_35_9-7,3,2650.0,2710.0,VIKING GP,Borehole Instability / Tight Hole,HIGH,17.0,Increased active mud weight from 1.30 SG to 1.42 SG. Conducted short wiper trip to 9-5/8 inch shoe. Hole stabilized.,Encountered high pore pressure transition zone in Viking organic shales at 2682m. Severe background gas (18%) and splitty shale cavings.,C:\Users\DELL\OneDrive\Desktop\nwis\backend\data\wcr_reports\WCR_35_9-7.pdf
35_9-8_P2_E1,35/9-8,WCR_35_9-8,2,2980.0,3030.0,BRENT GP,Lost Circulation / Mud Loss,HIGH,25.0,Spotted 60 bbls high-squeeze thixotropic LCM pill. Maintained annular fluid level with seawater down annulus. Reduced trip-in speed to 8 m/min.,Encountered total mud loss (380 bbls) at 3010m when surge pressure during BHA trip fractured depleted Brent Tarbert sand.,C:\Users\DELL\OneDrive\Desktop\nwis\backend\data\wcr_reports\WCR_35_9-8.pdf
35_9-8_P2_E2,35/9-8,WCR_35_9-8,2,3080.0,3110.0,BRENT GP,Stuck Pipe Incident,HIGH,21.0,Soaked string in 50 bbls glycol-ester lubricant pill for 4 hours. Worked pipe with 130 klbs jar hits. Pipe freed without backing off.,BHA stuck differentially across Ness sandstone at 3094m while taking MWD formation pressure test. 110 klbs overpull ineffective.,C:\Users\DELL\OneDrive\Desktop\nwis\backend\data\wcr_reports\WCR_35_9-8.pdf
